Workbook

Sheet Sheet1
C1: 1 | D1: 2 | E1: 3 | F1: 4 | G1: 5 | H1: 6 | I1: 7 | J1: 8 | K1: 9 | L1: 10 | M1: 11 | N1: 12 | O1: 13
B2: 1 | C2: 1 | D2: 1 | E2: 1 | F2: 1 | G2: 1 | H2: 1 | I2: 1 | J2: 1 | K2: 1 | L2: 1 | M2: 1 | N2: 1 | O2: 1 | Q2: 1 | R2: 1 | S2: 1 | T2: 1 | U2: 1 | V2: 1 | W2: 1 | X2: 1 | Y2: 1 | Z2: 1 | AA2: 1 | AB2: 1 | AC2: 1 | AE2: 1 | AF2: 1 | AG2: 1 | AH2: 1 | AI2: 1 | AJ2: 1 | AK2: 1 | AL2: 1 | AM2: 1 | AN2: 1 | AO2: 1 | AP2: 1 | AQ2: 1 | AS2: 1 | AT2: 1 | AU2: 1 | AV2: 1 | AW2: 1 | AX2: 1 | AY2: 1 | AZ2: 1 | BA2: 1 | BB2: 1 | BC2: 1 | BD2: 1 | BE2: 1
B3: 2 | C3: 1 | I3: 1 | O3: 1 | Q3: 1 | S3: 1 | AC3: 1 | AE3: 1 | AG3: 1 | AK3: 1 | AN3: 2 | AQ3: 1 | AS3: 1 | AT3: 2 | AW3: 1 | BE3: 1
B4: 3 | C4: 1 | D4: 1 | E4: 1 | G4: 1 | H4: 1 | I4: 1 | K4: 1 | M4: 1 | N4: 1 | O4: 1 | Q4: 1 | S4: 1 | U4: 1 | V4: 1 | W4: 1 | X4: 1 | Y4: 1 | AA4: 1 | AC4: 1 | AE4: 1 | AG4: 1 | AI4: 1 | AK4: 1 | AL4: 1 | AM4: 1 | AO4: 1 | AQ4: 1 | AS4: 1 | AU4: 1 | AW4: 1 | AX4: 1 | AY4: 1 | AZ4: 1 | BA4: 1 | BB4: 1 | BC4: 1 | BE4: 1
B5: 4 | C5: 1 | G5: 1 | K5: 1 | L5: 2 | O5: 1 | Q5: 1 | S5: 1 | U5: 1 | V5: 2 | Y5: 1 | AA5: 1 | AC5: 1 | AE5: 1 | AG5: 1 | AI5: 1 | AK5: 1 | AO5: 1 | AQ5: 1 | AS5: 1 | AU5: 1 | AW5: 1 | BE5: 1
B6: 5 | C6: 1 | E6: 1 | F6: 1 | G6: 1 | I6: 1 | J6: 1 | K6: 1 | L6: 1 | M6: 1 | O6: 1 | Q6: 1 | S6: 1 | U6: 1 | W6: 1 | X6: 1 | Y6: 1 | AA6: 1 | AC6: 1 | AE6: 1 | AG6: 1 | AI6: 1 | AK6: 1 | AM6: 1 | AN6: 1 | AO6: 1 | AQ6: 1 | AS6: 1 | AU6: 1 | AW6: 1 | AY6: 1 | AZ6: 1 | BA6: 1 | BB6: 1 | BC6: 1 | BE6: 1
B7: 6 | C7: 1 | E7: 1 | I7: 1 | O7: 1 | Q7: 1 | W7: 1 | AA7: 1 | AC7: 1 | AE7: 1 | AI7: 1 | AK7: 1 | AM7: 1 | AQ7: 1 | AS7: 1 | AU7: 1 | AY7: 1 | BC7: 1 | BE7: 1
B8: 7 | C8: 1 | E8: 1 | G8: 1 | H8: 1 | I8: 1 | K8: 1 | L8: 1 | M8: 1 | O8: 1 | Q8: 1 | S8: 1 | T8: 1 | U8: 1 | V8: 1 | W8: 1 | Y8: 1 | Z8: 1 | AA8: 1 | AC8: 1 | AE8: 1 | AG8: 1 | AH8: 1 | AI8: 1 | AJ8: 1 | AK8: 1 | AM8: 1 | AO8: 1 | AP8: 1 | AQ8: 1 | AS8: 1 | AU8: 1 | AV8: 1 | AW8: 1 | AX8: 1 | AY8: 1 | BA8: 1 | BB8: 1 | BC8: 1 | BE8: 1
B9: 8 | C9: 1 | F9: 2 | G9: 1 | K9: 1 | M9: 1 | O9: 1 | Q9: 1 | S9: 1 | U9: 1 | Y9: 1 | AC9: 1 | AE9: 1 | AI9: 1 | AM9: 1 | AO9: 1 | AQ9: 1 | AS9: 1 | AT9: 2 | AU9: 1 | BE9: 1
B10: 9 | C10: 1 | E10: 1 | F10: 1 | G10: 1 | I10: 1 | J10: 1 | K10: 1 | M10: 1 | O10: 1 | Q10: 1 | S10: 1 | U10: 1 | W10: 1 | X10: 1 | Y10: 1 | Z10: 1 | AA10: 1 | AC10: 1 | AE10: 1 | AF10: 1 | AG10: 1 | AI10: 1 | AK10: 1 | AM10: 1 | AO10: 1 | AQ10: 1 | AS10: 1 | AU10: 1 | AV10: 1 | AW10: 1 | AX10: 1 | AY10: 1 | AZ10: 1 | BA10: 1 | BB10: 1 | BC10: 1 | BE10: 1
B11: 10 | C11: 1 | E11: 1 | G11: 1 | I11: 1 | M11: 1 | O11: 1 | Q11: 1 | R11: 2 | S11: 1 | U11: 1 | W11: 1 | AA11: 1 | AC11: 1 | AE11: 1 | AI11: 1 | AJ11: 2 | AK11: 1 | AM11: 1 | AQ11: 1 | AS11: 1 | BC11: 1 | BE11: 1
B12: 11 | C12: 1 | E12: 1 | G12: 1 | I12: 1 | K12: 1 | L12: 1 | M12: 1 | O12: 1 | Q12: 1 | S12: 1 | U12: 1 | W12: 1 | Y12: 1 | AA12: 1 | AB12: 1 | AC12: 1 | AE12: 1 | AG12: 1 | AH12: 1 | AI12: 1 | AJ12: 1 | AK12: 1 | AM12: 1 | AN12: 1 | AO12: 1 | AQ12: 1 | AS12: 1 | AU12: 1 | AV12: 1 | AW12: 1 | AX12: 1 | AY12: 1 | AZ12: 1 | BA12: 1 | BC12: 1 | BE12: 1
B13: 12 | C13: 1 | E13: 1 | I13: 1 | O13: 1 | Q13: 1 | U13: 1 | Y13: 1 | AC13: 1 | AE13: 1 | AM13: 1 | AQ13: 1 | AS13: 1 | AY13: 1 | BC13: 1 | BE13: 1
B14: 13 | C14: 1 | D14: 1 | E14: 1 | F14: 1 | G14: 1 | H14: 1 | I14: 1 | J14: 1 | K14: 1 | L14: 1 | M14: 1 | N14: 1 | O14: 1 | Q14: 1 | R14: 1 | S14: 1 | T14: 1 | U14: 1 | V14: 1 | W14: 1 | X14: 1 | Y14: 1 | Z14: 1 | AA14: 1 | AB14: 1 | AC14: 1 | AE14: 1 | AF14: 1 | AG14: 1 | AH14: 1 | AI14: 1 | AJ14: 1 | AK14: 1 | AL14: 1 | AM14: 1 | AN14: 1 | AO14: 1 | AP14: 1 | AQ14: 1 | AS14: 1 | AT14: 1 | AU14: 1 | AV14: 1 | AW14: 1 | AX14: 1 | AY14: 1 | AZ14: 1 | BA14: 1 | BB14: 1 | BC14: 1 | BD14: 1 | BE14: 1
C16: 1 | D16: 1 | E16: 1 | F16: 1 | G16: 1 | H16: 1 | I16: 1 | J16: 1 | K16: 1 | L16: 1 | M16: 1 | N16: 1 | O16: 1 | Q16: 1 | R16: 1 | S16: 1 | T16: 1 | U16: 1 | V16: 1 | W16: 1 | X16: 1 | Y16: 1 | Z16: 1 | AA16: 1 | AB16: 1 | AC16: 1 | AE16: 1 | AF16: 1 | AG16: 1 | AH16: 1 | AI16: 1 | AJ16: 1 | AK16: 1 | AL16: 1 | AM16: 1 | AN16: 1 | AO16: 1 | AP16: 1 | AQ16: 1 | AS16: 1 | AT16: 1 | AU16: 1 | AV16: 1 | AW16: 1 | AX16: 1 | AY16: 1 | AZ16: 1 | BA16: 1 | BB16: 1 | BC16: 1 | BD16: 1 | BE16: 1
C17: 1 | E17: 1 | J17: 2 | K17: 1 | O17: 1 | Q17: 1 | T17: 2 | Y17: 1 | AC17: 1 | AE17: 1 | AQ17: 1 | AS17: 1 | AY17: 1 | BA17: 1 | BE17: 1
C18: 1 | E18: 1 | G18: 1 | H18: 1 | I18: 1 | K18: 1 | M18: 1 | O18: 1 | Q18: 1 | S18: 1 | T18: 1 | U18: 1 | V18: 1 | W18: 1 | Y18: 1 | AA18: 1 | AC18: 1 | AE18: 1 | AF18: 1 | AG18: 1 | AH18: 1 | AI18: 1 | AJ18: 1 | AK18: 1 | AL18: 1 | AM18: 1 | AO18: 1 | AQ18: 1 | AS18: 1 | AU18: 1 | AV18: 1 | AW18: 1 | AY18: 1 | BA18: 1 | BC18: 1 | BE18: 1
C19: 1 | I19: 1 | M19: 1 | O19: 1 | Q19: 1 | S19: 1 | W19: 1 | AA19: 1 | AC19: 1 | AE19: 1 | AO19: 1 | AQ19: 1 | AS19: 1 | AU19: 1 | AW19: 1 | AY19: 1 | BC19: 1 | BE19: 1
C20: 1 | E20: 1 | F20: 1 | G20: 1 | H20: 1 | I20: 1 | J20: 1 | K20: 1 | L20: 1 | M20: 1 | O20: 1 | Q20: 1 | S20: 1 | U20: 1 | V20: 1 | W20: 1 | X20: 1 | Y20: 1 | Z20: 1 | AA20: 1 | AC20: 1 | AE20: 1 | AG20: 1 | AH20: 1 | AI20: 1 | AJ20: 1 | AK20: 1 | AM20: 1 | AN20: 1 | AO20: 1 | AP20: 1 | AQ20: 1 | AS20: 1 | AT20: 1 | AU20: 1 | AW20: 1 | AY20: 1 | AZ20: 1 | BA20: 1 | BB20: 1 | BC20: 1 | BE20: 1
C21: 1 | E21: 1 | M21: 1 | O21: 1 | Q21: 1 | U21: 1 | Y21: 1 | AC21: 1 | AE21: 1 | AI21: 1 | AM21: 1 | AN21: 2 | AQ21: 1 | AS21: 1 | AW21: 1 | AY21: 1 | BC21: 1 | BE21: 1
C22: 1 | E22: 1 | G22: 1 | H22: 1 | I22: 1 | J22: 1 | K22: 1 | M22: 1 | O22: 1 | Q22: 1 | R22: 1 | S22: 1 | T22: 1 | U22: 1 | W22: 1 | X22: 1 | Y22: 1 | AA22: 1 | AB22: 1 | AC22: 1 | AE22: 1 | AG22: 1 | AI22: 1 | AJ22: 1 | AK22: 1 | AL22: 1 | AM22: 1 | AO22: 1 | AQ22: 1 | AS22: 1 | AU22: 1 | AW22: 1 | AY22: 1 | BA22: 1 | BC22: 1 | BE22: 1
C23: 1 | E23: 1 | H23: 2 | I23: 1 | O23: 1 | Q23: 1 | U23: 1 | AA23: 1 | AC23: 1 | AE23: 1 | AG23: 1 | AM23: 1 | AO23: 1 | AQ23: 1 | AS23: 1 | AU23: 1 | AW23: 1 | AY23: 1 | AZ23: 2 | BA23: 1 | BC23: 1 | BD23: 2 | BE23: 1
C24: 1 | E24: 1 | F24: 1 | G24: 1 | I24: 1 | J24: 1 | K24: 1 | L24: 1 | M24: 1 | N24: 1 | O24: 1 | Q24: 1 | S24: 1 | U24: 1 | W24: 1 | X24: 1 | Y24: 1 | Z24: 1 | AA24: 1 | AC24: 1 | AE24: 1 | AG24: 1 | AH24: 1 | AI24: 1 | AJ24: 1 | AK24: 1 | AM24: 1 | AN24: 1 | AO24: 1 | AQ24: 1 | AS24: 1 | AU24: 1 | AW24: 1 | AY24: 1 | BA24: 1 | BC24: 1 | BE24: 1
C25: 1 | E25: 1 | G25: 1 | O25: 1 | Q25: 1 | S25: 1 | U25: 1 | AA25: 1 | AC25: 1 | AE25: 1 | AG25: 1 | AO25: 1 | AQ25: 1 | AS25: 1 | AU25: 1 | AY25: 1 | BA25: 1 | BC25: 1 | BE25: 1
C26: 1 | E26: 1 | G26: 1 | H26: 1 | I26: 1 | J26: 1 | K26: 1 | L26: 1 | M26: 1 | N26: 1 | O26: 1 | Q26: 1 | S26: 1 | T26: 1 | U26: 1 | V26: 1 | W26: 1 | X26: 1 | Y26: 1 | AA26: 1 | AC26: 1 | AE26: 1 | AG26: 1 | AI26: 1 | AJ26: 1 | AK26: 1 | AL26: 1 | AM26: 1 | AN26: 1 | AO26: 1 | AQ26: 1 | AS26: 1 | AU26: 1 | AV26: 1 | AW26: 1 | AX26: 1 | AY26: 1 | BA26: 1 | BC26: 1 | BE26: 1
C27: 1 | O27: 1 | Q27: 1 | T27: 2 | AC27: 1 | AE27: 1 | AG27: 1 | AL27: 2 | AQ27: 1 | AS27: 1 | BA27: 1 | BE27: 1
C28: 1 | D28: 1 | E28: 1 | F28: 1 | G28: 1 | H28: 1 | I28: 1 | J28: 1 | K28: 1 | L28: 1 | M28: 1 | N28: 1 | O28: 1 | Q28: 1 | R28: 1 | S28: 1 | T28: 1 | U28: 1 | V28: 1 | W28: 1 | X28: 1 | Y28: 1 | Z28: 1 | AA28: 1 | AB28: 1 | AC28: 1 | AE28: 1 | AF28: 1 | AG28: 1 | AH28: 1 | AI28: 1 | AJ28: 1 | AK28: 1 | AL28: 1 | AM28: 1 | AN28: 1 | AO28: 1 | AP28: 1 | AQ28: 1 | AS28: 1 | AT28: 1 | AU28: 1 | AV28: 1 | AW28: 1 | AX28: 1 | AY28: 1 | AZ28: 1 | BA28: 1 | BB28: 1 | BC28: 1 | BD28: 1 | BE28: 1

Sheet Sheet2
A1: =IF(Sheet1!AS16="",0,Sheet1!AS16) -> 1 | B1: =IF(Sheet1!AT16="",0,Sheet1!AT16) -> 1 | C1: =IF(Sheet1!AU16="",0,Sheet1!AU16) -> 1 | D1: =IF(Sheet1!AV16="",0,Sheet1!AV16) -> 1 | E1: =IF(Sheet1!AW16="",0,Sheet1!AW16) -> 1 | F1: =IF(Sheet1!AX16="",0,Sheet1!AX16) -> 1 | G1: =IF(Sheet1!AY16="",0,Sheet1!AY16) -> 1 | H1: =IF(Sheet1!AZ16="",0,Sheet1!AZ16) -> 1 | ... M1: =IF(Sheet1!BE16="",0,Sheet1!BE16) -> 1 | O1: { // Maze 0 | P1: { // Maze 3
A2: =IF(Sheet1!AS17="",0,Sheet1!AS17) -> 1 | B2: =IF(Sheet1!AT17="",0,Sheet1!AT17) -> 0 | C2: =IF(Sheet1!AU17="",0,Sheet1!AU17) -> 0 | D2: =IF(Sheet1!AV17="",0,Sheet1!AV17) -> 0 | E2: =IF(Sheet1!AW17="",0,Sheet1!AW17) -> 0 | F2: =IF(Sheet1!AX17="",0,Sheet1!AX17) -> 0 | G2: =IF(Sheet1!AY17="",0,Sheet1!AY17) -> 1 | H2: =IF(Sheet1!AZ17="",0,Sheet1!AZ17) -> 0 | ... M2: =IF(Sheet1!BE17="",0,Sheet1!BE17) -> 1 | O2: {1,1,1,1,1,1,1,1,1,1,1,1,1}, | P2: ="{"&A1&","&B1&","&C1&","&D1&","&E1&","&F1&","&G1&","&H1&","&I1&","&J1&","&K1&","&L1&","&M1&"}," -> {1,1,1,1,1,1,1,1,1,1,1,1,1},
A3: =IF(Sheet1!AS18="",0,Sheet1!AS18) -> 1 | B3: =IF(Sheet1!AT18="",0,Sheet1!AT18) -> 0 | C3: =IF(Sheet1!AU18="",0,Sheet1!AU18) -> 1 | D3: =IF(Sheet1!AV18="",0,Sheet1!AV18) -> 1 | E3: =IF(Sheet1!AW18="",0,Sheet1!AW18) -> 1 | F3: =IF(Sheet1!AX18="",0,Sheet1!AX18) -> 0 | G3: =IF(Sheet1!AY18="",0,Sheet1!AY18) -> 1 | H3: =IF(Sheet1!AZ18="",0,Sheet1!AZ18) -> 0 | ... M3: =IF(Sheet1!BE18="",0,Sheet1!BE18) -> 1 | O3: {1,0,0,0,0,0,1,0,0,0,0,0,1}, | P3: ="{"&A2&","&B2&","&C2&","&D2&","&E2&","&F2&","&G2&","&H2&","&I2&","&J2&","&K2&","&L2&","&M2&"}," -> {1,0,0,0,0,0,1,0,1,0,0,0,1},
A4: =IF(Sheet1!AS19="",0,Sheet1!AS19) -> 1 | B4: =IF(Sheet1!AT19="",0,Sheet1!AT19) -> 0 | C4: =IF(Sheet1!AU19="",0,Sheet1!AU19) -> 1 | D4: =IF(Sheet1!AV19="",0,Sheet1!AV19) -> 0 | E4: =IF(Sheet1!AW19="",0,Sheet1!AW19) -> 1 | F4: =IF(Sheet1!AX19="",0,Sheet1!AX19) -> 0 | G4: =IF(Sheet1!AY19="",0,Sheet1!AY19) -> 1 | H4: =IF(Sheet1!AZ19="",0,Sheet1!AZ19) -> 0 | ... M4: =IF(Sheet1!BE19="",0,Sheet1!BE19) -> 1 | O4: {1,0,1,1,0,0,1,0,0,1,1,1,1}, | P4: ="{"&A3&","&B3&","&C3&","&D3&","&E3&","&F3&","&G3&","&H3&","&I3&","&J3&","&K3&","&L3&","&M3&"}," -> {1,0,1,1,1,0,1,0,1,0,1,0,1},
A5: =IF(Sheet1!AS20="",0,Sheet1!AS20) -> 1 | B5: =IF(Sheet1!AT20="",0,Sheet1!AT20) -> 1 | C5: =IF(Sheet1!AU20="",0,Sheet1!AU20) -> 1 | D5: =IF(Sheet1!AV20="",0,Sheet1!AV20) -> 0 | E5: =IF(Sheet1!AW20="",0,Sheet1!AW20) -> 1 | F5: =IF(Sheet1!AX20="",0,Sheet1!AX20) -> 0 | G5: =IF(Sheet1!AY20="",0,Sheet1!AY20) -> 1 | H5: =IF(Sheet1!AZ20="",0,Sheet1!AZ20) -> 1 | ... M5: =IF(Sheet1!BE20="",0,Sheet1!BE20) -> 1 | O5: {1,2,1,0,0,0,1,0,0,0,0,0,1}, | P5: ="{"&A4&","&B4&","&C4&","&D4&","&E4&","&F4&","&G4&","&H4&","&I4&","&J4&","&K4&","&L4&","&M4&"}," -> {1,0,1,0,1,0,1,0,0,0,1,0,1},
A6: =IF(Sheet1!AS21="",0,Sheet1!AS21) -> 1 | B6: =IF(Sheet1!AT21="",0,Sheet1!AT21) -> 0 | C6: =IF(Sheet1!AU21="",0,Sheet1!AU21) -> 0 | D6: =IF(Sheet1!AV21="",0,Sheet1!AV21) -> 0 | E6: =IF(Sheet1!AW21="",0,Sheet1!AW21) -> 1 | F6: =IF(Sheet1!AX21="",0,Sheet1!AX21) -> 0 | G6: =IF(Sheet1!AY21="",0,Sheet1!AY21) -> 1 | H6: =IF(Sheet1!AZ21="",0,Sheet1!AZ21) -> 0 | ... M6: =IF(Sheet1!BE21="",0,Sheet1!BE21) -> 1 | O6: {1,0,1,0,0,1,1,1,1,1,0,0,1}, | P6: ="{"&A5&","&B5&","&C5&","&D5&","&E5&","&F5&","&G5&","&H5&","&I5&","&J5&","&K5&","&L5&","&M5&"}," -> {1,1,1,0,1,0,1,1,1,1,1,0,1},
A7: =IF(Sheet1!AS22="",0,Sheet1!AS22) -> 1 | B7: =IF(Sheet1!AT22="",0,Sheet1!AT22) -> 0 | C7: =IF(Sheet1!AU22="",0,Sheet1!AU22) -> 1 | D7: =IF(Sheet1!AV22="",0,Sheet1!AV22) -> 0 | E7: =IF(Sheet1!AW22="",0,Sheet1!AW22) -> 1 | F7: =IF(Sheet1!AX22="",0,Sheet1!AX22) -> 0 | G7: =IF(Sheet1!AY22="",0,Sheet1!AY22) -> 1 | H7: =IF(Sheet1!AZ22="",0,Sheet1!AZ22) -> 0 | ... M7: =IF(Sheet1!BE22="",0,Sheet1!BE22) -> 1 | O7: {1,0,1,0,0,0,1,0,0,0,0,2,1}, | P7: ="{"&A6&","&B6&","&C6&","&D6&","&E6&","&F6&","&G6&","&H6&","&I6&","&J6&","&K6&","&L6&","&M6&"}," -> {1,0,0,0,1,0,1,0,0,0,1,0,1},
A8: =IF(Sheet1!AS23="",0,Sheet1!AS23) -> 1 | B8: =IF(Sheet1!AT23="",0,Sheet1!AT23) -> 0 | C8: =IF(Sheet1!AU23="",0,Sheet1!AU23) -> 1 | D8: =IF(Sheet1!AV23="",0,Sheet1!AV23) -> 0 | E8: =IF(Sheet1!AW23="",0,Sheet1!AW23) -> 1 | F8: =IF(Sheet1!AX23="",0,Sheet1!AX23) -> 0 | G8: =IF(Sheet1!AY23="",0,Sheet1!AY23) -> 1 | H8: =IF(Sheet1!AZ23="",0,Sheet1!AZ23) -> 2 | ... M8: =IF(Sheet1!BE23="",0,Sheet1!BE23) -> 1 | O8: {1,0,1,0,0,0,0,0,1,1,0,0,1}, | P8: ="{"&A7&","&B7&","&C7&","&D7&","&E7&","&F7&","&G7&","&H7&","&I7&","&J7&","&K7&","&L7&","&M7&"}," -> {1,0,1,0,1,0,1,0,1,0,1,0,1},
A9: =IF(Sheet1!AS24="",0,Sheet1!AS24) -> 1 | B9: =IF(Sheet1!AT24="",0,Sheet1!AT24) -> 0 | C9: =IF(Sheet1!AU24="",0,Sheet1!AU24) -> 1 | D9: =IF(Sheet1!AV24="",0,Sheet1!AV24) -> 0 | E9: =IF(Sheet1!AW24="",0,Sheet1!AW24) -> 1 | F9: =IF(Sheet1!AX24="",0,Sheet1!AX24) -> 0 | G9: =IF(Sheet1!AY24="",0,Sheet1!AY24) -> 1 | H9: =IF(Sheet1!AZ24="",0,Sheet1!AZ24) -> 0 | ... M9: =IF(Sheet1!BE24="",0,Sheet1!BE24) -> 1 | O9: {1,0,1,0,0,0,0,0,1,0,0,0,1}, | P9: ="{"&A8&","&B8&","&C8&","&D8&","&E8&","&F8&","&G8&","&H8&","&I8&","&J8&","&K8&","&L8&","&M8&"}," -> {1,0,1,0,1,0,1,2,1,0,1,2,1},
A10: =IF(Sheet1!AS25="",0,Sheet1!AS25) -> 1 | B10: =IF(Sheet1!AT25="",0,Sheet1!AT25) -> 0 | C10: =IF(Sheet1!AU25="",0,Sheet1!AU25) -> 1 | D10: =IF(Sheet1!AV25="",0,Sheet1!AV25) -> 0 | E10: =IF(Sheet1!AW25="",0,Sheet1!AW25) -> 0 | F10: =IF(Sheet1!AX25="",0,Sheet1!AX25) -> 0 | G10: =IF(Sheet1!AY25="",0,Sheet1!AY25) -> 1 | H10: =IF(Sheet1!AZ25="",0,Sheet1!AZ25) -> 0 | ... M10: =IF(Sheet1!BE25="",0,Sheet1!BE25) -> 1 | O10: {1,0,1,1,1,1,1,1,1,1,1,0,1}, | P10: ="{"&A9&","&B9&","&C9&","&D9&","&E9&","&F9&","&G9&","&H9&","&I9&","&J9&","&K9&","&L9&","&M9&"}," -> {1,0,1,0,1,0,1,0,1,0,1,0,1},
A11: =IF(Sheet1!AS26="",0,Sheet1!AS26) -> 1 | B11: =IF(Sheet1!AT26="",0,Sheet1!AT26) -> 0 | C11: =IF(Sheet1!AU26="",0,Sheet1!AU26) -> 1 | D11: =IF(Sheet1!AV26="",0,Sheet1!AV26) -> 1 | E11: =IF(Sheet1!AW26="",0,Sheet1!AW26) -> 1 | F11: =IF(Sheet1!AX26="",0,Sheet1!AX26) -> 1 | G11: =IF(Sheet1!AY26="",0,Sheet1!AY26) -> 1 | H11: =IF(Sheet1!AZ26="",0,Sheet1!AZ26) -> 0 | ... M11: =IF(Sheet1!BE26="",0,Sheet1!BE26) -> 1 | O11: {1,0,0,0,0,0,1,0,0,0,1,0,1}, | P11: ="{"&A10&","&B10&","&C10&","&D10&","&E10&","&F10&","&G10&","&H10&","&I10&","&J10&","&K10&","&L10&","&M10&"}," -> {1,0,1,0,0,0,1,0,1,0,1,0,1},
A12: =IF(Sheet1!AS27="",0,Sheet1!AS27) -> 1 | B12: =IF(Sheet1!AT27="",0,Sheet1!AT27) -> 0 | C12: =IF(Sheet1!AU27="",0,Sheet1!AU27) -> 0 | D12: =IF(Sheet1!AV27="",0,Sheet1!AV27) -> 0 | E12: =IF(Sheet1!AW27="",0,Sheet1!AW27) -> 0 | F12: =IF(Sheet1!AX27="",0,Sheet1!AX27) -> 0 | G12: =IF(Sheet1!AY27="",0,Sheet1!AY27) -> 0 | H12: =IF(Sheet1!AZ27="",0,Sheet1!AZ27) -> 0 | ... M12: =IF(Sheet1!BE27="",0,Sheet1!BE27) -> 1 | O12: {1,0,0,1,1,0,0,0,0,1,1,0,1}, | P12: ="{"&A11&","&B11&","&C11&","&D11&","&E11&","&F11&","&G11&","&H11&","&I11&","&J11&","&K11&","&L11&","&M11&"}," -> {1,0,1,1,1,1,1,0,1,0,1,0,1},
A13: =IF(Sheet1!AS28="",0,Sheet1!AS28) -> 1 | B13: =IF(Sheet1!AT28="",0,Sheet1!AT28) -> 1 | C13: =IF(Sheet1!AU28="",0,Sheet1!AU28) -> 1 | D13: =IF(Sheet1!AV28="",0,Sheet1!AV28) -> 1 | E13: =IF(Sheet1!AW28="",0,Sheet1!AW28) -> 1 | F13: =IF(Sheet1!AX28="",0,Sheet1!AX28) -> 1 | G13: =IF(Sheet1!AY28="",0,Sheet1!AY28) -> 1 | H13: =IF(Sheet1!AZ28="",0,Sheet1!AZ28) -> 1 | ... M13: =IF(Sheet1!BE28="",0,Sheet1!BE28) -> 1 | O13: {1,0,0,0,1,0,0,0,0,1,0,0,1}, | P13: ="{"&A12&","&B12&","&C12&","&D12&","&E12&","&F12&","&G12&","&H12&","&I12&","&J12&","&K12&","&L12&","&M12&"}," -> {1,0,0,0,0,0,0,0,1,0,0,0,1},
O14: {1,1,1,1,1,1,1,1,1,1,1,1,1} | P14: ="{"&A13&","&B13&","&C13&","&D13&","&E13&","&F13&","&G13&","&H13&","&I13&","&J13&","&K13&","&L13&","&M13&"}," -> {1,1,1,1,1,1,1,1,1,1,1,1,1},
O15: } | P15: =O15 -> }
